Workbook

Sheet Sheet1
A3: Lookup frmula
A5: Rool.No | C5: 11213 | G5: GHSS TAJAZAI LAKKI MARWAT ANNUAL - EXAM -1 2024
A7: Name | C7: =LOOKUP(C5,G11:G25,H11:H25) -> Shaheen
G8: Class | I8: First Year | K8: Date | M8: 45700 | O8: Principle sign | Q8: Khalid Wahab | S8: Teacher-Name | U8: Younas Ali Shah
A9: Class | C9: =LOOKUP(C5,G11:G25,I11:I25) -> 1st Year | G9: Roll. No | H9: Name | I9: Class | J9: F. Name | K9: Paper Marks | T9: Obtain Marks | U9: Total Marks | V9: Grade | W9: %age
K10: Bio | L10: computer | M10: phty | N10: state | O10: urdu | P10: maths | Q10: Eng | R10: isl | S10: M.Quran
A11: F.Name | C11: =LOOKUP(C5,G11:G25,J11:J25) -> Afridi | G11: 11201 | H11: Fawad | I11: 1st Year | J11: siyal | K11: 72 | L11: 73 | M11: 73 | N11: 33 | O11: 33 | P11: 44 | Q11: 54 | R11: 50 | S11: 50 | T11: =SUM(K11:S11) -> 482 | U11: 600 | V11: =IF(T11>550,"A",IF(T11>500,"B",IF(T11>300,"C",IF(T11<200,"D")))) -> C | W11: =T11/U11 -> 0.80333333
G12: 11202 | H12: Nawaz | I12: 1st Year | J12: Hammad | K12: 73 | L12: 56 | M12: 65 | N12: 45 | O12: 35 | P12: 43 | Q12: 54 | R12: 65 | S12: 45 | T12: =SUM(K12:S12) -> 481 | U12: 600 | V12: =IF(T12>550,"A",IF(T12>500,"B",IF(T12>300,"C",IF(T12<200,"D")))) -> C | W12: =T12/U12 -> 0.80166667
A13: Bio | C13: =LOOKUP(C5,G11:G25,K11:K25) -> 72 | G13: 11203 | H13: Hassn | I13: 1st Year | J13: Nawaz | K13: 67 | L13: 11 | M13: 22 | N13: 33 | O13: 33 | P13: 41 | Q13: 11 | R13: 11 | S13: 22 | T13: =SUM(K13:S13) -> 251 | U13: 600 | V13: =IF(T13>550,"A",IF(T13>500,"B",IF(T13>300,"C",IF(T13<300,"D")))) -> D | W13: =T13/U13 -> 0.41833333
G14: 11204 | H14: Afaq | I14: 1st Year | J14: Umar | K14: 71 | L14: 53 | M14: 54 | N14: 67 | O14: 45 | P14: 23 | Q14: 53 | R14: 34 | S14: 45 | T14: =SUM(K14:S14) -> 445 | U14: 600 | V14: =IF(T14>550,"A",IF(T14>500,"B",IF(T14>300,"C",IF(T14<200,"D")))) -> C | W14: =T14/U14 -> 0.74166667
A15: Computer | C15: =LOOKUP(C5,G11:G25,L11:L25) -> 34 | G15: 11205 | H15: Safir | I15: 1st Year | J15: Hayat | K15: 47 | L15: 56 | M15: 65 | N15: 21 | O15: 23 | P15: 45 | Q15: 67 | R15: 54 | S15: 64 | T15: =SUM(K15:S15) -> 442 | U15: 600 | V15: =IF(T15>550,"A",IF(T15>500,"B",IF(T15>300,"C",IF(T15<200,"D")))) -> C | W15: =T15/U15 -> 0.73666667
G16: 11206 | H16: Javed | I16: 1st Year | J16: Sohil | K16: 54 | L16: 73 | M16: 34 | N16: 23 | O16: 71 | P16: 45 | Q16: 45 | R16: 66 | S16: 45 | T16: =SUM(K16:S16) -> 456 | U16: 600 | V16: =IF(T16>550,"A",IF(T16>500,"B",IF(T16>300,"C",IF(T16<200,"D")))) -> C | W16: =T16/U16 -> 0.76
A17: Phy | C17: =LOOKUP(C5,G11:G25,N11:N25) -> 43 | G17: 11207 | H17: jamal | I17: 1st Year | J17: Kamal | K17: 67 | L17: 43 | M17: 23 | N17: 23 | O17: 34 | P17: 55 | Q17: 45 | R17: 45 | S17: 21 | T17: =SUM(K17:S17) -> 356 | U17: 600 | V17: =IF(T17>550,"A",IF(T17>500,"B",IF(T17>300,"C",IF(T17<200,"D")))) -> C | W17: =T17/U17 -> 0.59333333
G18: 11208 | H18: Ahmad | I18: 1st Year | J18: Saqib | K18: 19 | L18: 54 | M18: 45 | N18: 21 | O18: 12 | P18: 32 | Q18: 43 | R18: 34 | S18: 71 | T18: =SUM(K18:S18) -> 331 | U18: 600 | V18: =IF(T18>550,"A",IF(T18>500,"B",IF(T18>300,"C",IF(T18<200,"D")))) -> C | W18: =T18/U18 -> 0.55166667
A19: Satate | C19: =LOOKUP(C5,G11:G25,O11:O25) -> 65 | G19: 11209 | H19: Awais | I19: 1st Year | J19: Satar | K19: 45 | L19: 23 | M19: 67 | N19: 45 | O19: 32 | P19: 24 | Q19: 67 | R19: 36 | S19: 12 | T19: =SUM(K19:S19) -> 351 | U19: 600 | V19: =IF(T19>550,"A",IF(T19>500,"B",IF(T19>300,"C",IF(T19<200,"D")))) -> C | W19: =T19/U19 -> 0.585
G20: 11210 | H20: Talha | I20: 1st Year | J20: Yaqoob | K20: 65 | L20: 43 | M20: 12 | N20: 54 | O20: 64 | P20: 54 | Q20: 36 | R20: 67 | S20: 74 | T20: =SUM(K20:S20) -> 469 | U20: 600 | V20: =IF(T20>550,"A",IF(T20>500,"B",IF(T20>300,"C",IF(T20<200,"D")))) -> C | W20: =T20/U20 -> 0.78166667
A21: Maths | C21: =LOOKUP(C5,G11:G25,P11:P25) -> 54 | G21: 11211 | H21: Hamas | I21: 1st Year | J21: Jamal | K21: 34 | L21: 56 | M21: 22 | N21: 46 | O21: 45 | P21: 32 | Q21: 42 | R21: 65 | S21: 12 | T21: =SUM(K21:S21) -> 354 | U21: 600 | V21: =IF(T21>550,"A",IF(T21>500,"B",IF(T21>300,"C",IF(T21<200,"D")))) -> C | W21: =T21/U21 -> 0.59
G22: 11212 | H22: Farman | I22: 1st Year | J22: Usama | K22: 56 | L22: 72 | M22: 45 | N22: 49 | O22: 43 | P22: 56 | Q22: 65 | R22: 57 | S22: 34 | T22: =SUM(K22:S22) -> 477 | U22: 600 | V22: =IF(T22>550,"A",IF(T22>500,"B",IF(T22>300,"C",IF(T22<200,"D")))) -> C | W22: =T22/U22 -> 0.795
A23: Eng | C23: =LOOKUP(C5,G11:G25,Q11:Q25) -> 56 | G23: 11213 | H23: Shaheen | I23: 1st Year | J23: Afridi | K23: 72 | L23: 34 | M23: 67 | N23: 43 | O23: 65 | P23: 54 | Q23: 56 | R23: 65 | S23: 56 | T23: =SUM(K23:S23) -> 512 | U23: 600 | V23: =IF(T23>550,"A",IF(T23>500,"B",IF(T23>300,"C",IF(T23<200,"D")))) -> B | W23: =T23/U23 -> 0.85333333
G24: 11214 | H24: Tanver | I24: 1st Year | J24: Riaz | K24: 9 | L24: 54 | M24: 45 | N24: 54 | O24: 45 | P24: 56 | Q24: 45 | R24: 54 | S24: 65 | T24: =SUM(K24:S24) -> 427 | U24: 600 | V24: =IF(T24>550,"A",IF(T24>500,"B",IF(T24>300,"C",IF(T24<200,"D")))) -> C | W24: =T24/U24 -> 0.71166667
A25: Isl | C25: =LOOKUP(C5,G11:G25,R11:R25) -> 65 | G25: 11215 | H25: Umair | I25: 1st Year | J25: Imam | K25: 21 | L25: 32 | M25: 44 | N25: 54 | O25: 65 | P25: 64 | Q25: 56 | R25: 43 | S25: 56 | T25: =SUM(K25:S25) -> 435 | U25: 600 | V25: =IF(T25>550,"A",IF(T25>500,"B",IF(T25>300,"C",IF(T25<200,"D")))) -> C | W25: =T25/U25 -> 0.725
A27: M.Quran | C27: =LOOKUP(C5,G11:G25,S11:S25) -> 56
A29: Obtain Marks | C29: =LOOKUP(C5,G11:G25,T11:T25) -> 512
A31: Total Marks | C31: =LOOKUP(C5,G11:G25,U11:U25) -> 600
A33: Grade | C33: =LOOKUP(C5,G11:G25,V11:V24) -> B
A35: %age | C35: =LOOKUP(C5,G11:G25,W11:W25) -> 0.85333333

Sheet SHEET 2
B3: GHSS TAJAZAI LAKKI MARWAT
C7: ROOL . NO | G7: 11207
C9: Clas 1st Year result Annual-Exam-1 12-Feb-2024
B10: NAME | D10: =LOOKUP(G7,Sheet1!G11:G25,Sheet1!H11:H25) -> jamal | G10: %AGE | I10: =LOOKUP(G7,Sheet1!G11:G25,Sheet1!W11:W25) -> 0.59333333
B12: F.NAME | D12: =LOOKUP(G7,Sheet1!G11:G25,Sheet1!J11:J25) -> Kamal | G12: GRADE | I12: =LOOKUP(G7,Sheet1!G11:G25,Sheet1!V11:V25) -> C
B15: S.no | C15: Paper | D15: Paper Marks
G16: TOTAL MARKS | I16: =LOOKUP(G7,Sheet1!G11:G25,Sheet1!U11:U25) -> 600
B17: 1 | C17: Bio | D17: =LOOKUP(G7,Sheet1!G11:G25,Sheet1!K11:K25) -> 67
B19: 2 | C19: Comp | D19: =LOOKUP(G7,Sheet1!G11:G25,Sheet1!L11:L25) -> 43 | G19: OBTAIN MARKS | I19: =LOOKUP(G7,Sheet1!G11:G25,Sheet1!T11:T25) -> 356
B21: 3 | C21: Phy | D21: =LOOKUP(G7,Sheet1!G11:G25,Sheet1!M11:M25) -> 23
B23: 4 | C23: State | D23: =LOOKUP(G7,Sheet1!G11:G25,Sheet1!N11:N25) -> 23
B25: 5 | C25: Urdu | D25: =LOOKUP(G7,Sheet1!G11:G25,Sheet1!O11:O25) -> 34
B27: 6 | C27: maths | D27: =LOOKUP(G7,Sheet1!G11:G25,Sheet1!P11:P25) -> 55
B29: 7 | C29: Eng | D29: =LOOKUP(G7,Sheet1!G11:G25,Sheet1!Q11:Q25) -> 45
B31: 8 | C31: Isl | D31: =LOOKUP(G7,Sheet1!G11:G25,Sheet1!R11:R25) -> 45
B33: 9 | C33: .MQuran | D33: =LOOKUP(G7,Sheet1!G11:G25,Sheet1!S11:S25) -> 21
